{"offline_id": "eb17fb91d7f74cdead915f0044660add", "project_name": "yolov5", "start_time": 1713932939222, "stop_time": 1713933974782, "tags": [], "workspace": null, "resume_strategy": "create", "customer_error_reported": true, "customer_error_message": "Unexpected error detected in the user script: RuntimeError('Inplace update to inference tensor outside InferenceMode is not allowed.You can make a clone to get a normal tensor before doing inplace update.See https://github.com/pytorch/rfcs/pull/17 for more details.')", "user_provided_experiment_key": false, "comet_start_sourced": false}